{"v":"5.1.6","fr":29.9700012207031,"ip":0,"op":149.000006068894,"w":340,"h":227,"nm":"check","ddd":0,"assets":[],"layers":[{"ddd":0,"ind":1,"ty":4,"nm":"Shape Layer 2","sr":1,"ks":{"o":{"a":1,"k":[{"i":{"x":[0.833],"y":[0.833]},"o":{"x":[0.167],"y":[0.167]},"n":["0p833_0p833_0p167_0p167"],"t":140,"s":[100],"e":[0]},{"t":148.000006028164}],"ix":11},"r":{"a":0,"k":0,"ix":10},"p":{"a":0,"k":[168.065,117.5,0],"ix":2},"a":{"a":0,"k":[0,0,0],"ix":1},"s":{"a":1,"k":[{"i":{"x":[0.833,0.833,0.833],"y":[0.833,0.833,0.833]},"o":{"x":[0.167,0.167,0.167],"y":[0.167,0.167,0.167]},"n":["0p833_0p833_0p167_0p167","0p833_0p833_0p167_0p167","0p833_0p833_0p167_0p167"],"t":139,"s":[80,80,100],"e":[0,0,100]},{"t":148.000006028164}],"ix":6}},"ao":0,"shapes":[{"ty":"gr","it":[{"ind":0,"ty":"sh","ix":1,"ks":{"a":0,"k":{"i":[[0,0],[0,0],[0,0]],"o":[[0,0],[0,0],[0,0]],"v":[[-16,-2],[-4.5,9.5],[19.5,-14.5]],"c":false},"ix":2},"nm":"Path 1","mn":"ADBE Vector Shape - Group","hd":false},{"ty":"st","c":{"a":0,"k":[1,1,1,1],"ix":3},"o":{"a":0,"k":100,"ix":4},"w":{"a":0,"k":4,"ix":5},"lc":2,"lj":2,"nm":"Stroke 1","mn":"ADBE Vector Graphic - Stroke","hd":false},{"ty":"tr","p":{"a":0,"k":[0,0],"ix":2},"a":{"a":0,"k":[0,0],"ix":1},"s":{"a":0,"k":[100,100],"ix":3},"r":{"a":0,"k":0,"ix":6},"o":{"a":0,"k":100,"ix":7},"sk":{"a":0,"k":0,"ix":4},"sa":{"a":0,"k":0,"ix":5},"nm":"Transform"}],"nm":"Shape 1","np":3,"cix":2,"ix":1,"mn":"ADBE Vector Group","hd":false},{"ty":"tm","s":{"a":0,"k":0,"ix":1},"e":{"a":1,"k":[{"i":{"x":[0.532],"y":[1]},"o":{"x":[0.333],"y":[0]},"n":["0p532_1_0p333_0"],"t":74,"s":[0],"e":[100]},{"t":85.000003462121}],"ix":2},"o":{"a":0,"k":0,"ix":3},"m":1,"ix":2,"nm":"Trim Paths 1","mn":"ADBE Vector Filter - Trim","hd":false}],"ip":33.0000013441176,"op":149.000006068894,"st":33.0000013441176,"bm":0},{"ddd":0,"ind":2,"ty":4,"nm":"Shape Layer 1","sr":1,"ks":{"o":{"a":1,"k":[{"i":{"x":[0.833],"y":[0.833]},"o":{"x":[0.167],"y":[0.167]},"n":["0p833_0p833_0p167_0p167"],"t":140,"s":[100],"e":[0]},{"t":148.000006028164}],"ix":11},"r":{"a":0,"k":0,"ix":10},"p":{"a":0,"k":[170,113.5,0],"ix":2},"a":{"a":0,"k":[30.937,24.937,0],"ix":1},"s":{"a":1,"k":[{"i":{"x":[0.447,0.447,0.667],"y":[1,1,1]},"o":{"x":[0.333,0.333,0.333],"y":[0,0,0]},"n":["0p447_1_0p333_0","0p447_1_0p333_0","0p667_1_0p333_0"],"t":65,"s":[0,0,100],"e":[110,110,100]},{"i":{"x":[0.627,0.627,0.833],"y":[0.98,0.98,1]},"o":{"x":[0.333,0.333,0.333],"y":[0,0,0]},"n":["0p627_0p98_0p333_0","0p627_0p98_0p333_0","0p833_1_0p333_0"],"t":81,"s":[110,110,100],"e":[100,100,100]},{"i":{"x":[0.833,0.833,0.833],"y":[1,1,1]},"o":{"x":[0.167,0.167,0.167],"y":[0,0,0]},"n":["0p833_1_0p167_0","0p833_1_0p167_0","0p833_1_0p167_0"],"t":87,"s":[100,100,100],"e":[100,100,100]},{"i":{"x":[0.833,0.833,0.833],"y":[1,1,1]},"o":{"x":[0.167,0.167,0.167],"y":[0,0,0]},"n":["0p833_1_0p167_0","0p833_1_0p167_0","0p833_1_0p167_0"],"t":139,"s":[100,100,100],"e":[0,0,100]},{"t":148.000006028164}],"ix":6}},"ao":0,"shapes":[{"ty":"gr","it":[{"d":1,"ty":"el","s":{"a":0,"k":[60,60],"ix":2},"p":{"a":0,"k":[0,0],"ix":3},"nm":"Ellipse Path 1","mn":"ADBE Vector Shape - Ellipse","hd":false},{"ty":"fl","c":{"a":0,"k":[0.10196078431372549,0.5333333333333333,0.6196078431372549,1],"ix":4},"o":{"a":0,"k":100,"ix":5},"r":1,"nm":"Fill 1","mn":"ADBE Vector Graphic - Fill","hd":false},{"ty":"tr","p":{"a":0,"k":[30.937,24.937],"ix":2},"a":{"a":0,"k":[0,0],"ix":1},"s":{"a":0,"k":[100,100],"ix":3},"r":{"a":0,"k":0,"ix":6},"o":{"a":0,"k":100,"ix":7},"sk":{"a":0,"k":0,"ix":4},"sa":{"a":0,"k":0,"ix":5},"nm":"Transform"}],"nm":"Ellipse 1","np":3,"cix":2,"ix":1,"mn":"ADBE Vector Group","hd":false}],"ip":33.0000013441176,"op":149.000006068894,"st":33.0000013441176,"bm":0},{"ddd":0,"ind":3,"ty":4,"nm":"Shape Layer 4","sr":1,"ks":{"o":{"a":1,"k":[{"i":{"x":[0.833],"y":[0.833]},"o":{"x":[0.167],"y":[0.167]},"n":["0p833_0p833_0p167_0p167"],"t":76,"s":[0],"e":[4]},{"i":{"x":[0.833],"y":[0.833]},"o":{"x":[0.167],"y":[0.167]},"n":["0p833_0p833_0p167_0p167"],"t":104,"s":[4],"e":[4]},{"i":{"x":[0.833],"y":[0.833]},"o":{"x":[0.167],"y":[0.167]},"n":["0p833_0p833_0p167_0p167"],"t":110,"s":[4],"e":[0]},{"t":120.0000048877}],"ix":11},"r":{"a":0,"k":0,"ix":10},"p":{"a":0,"k":[170,113.5,0],"ix":2},"a":{"a":0,"k":[30.937,24.937,0],"ix":1},"s":{"a":1,"k":[{"i":{"x":[0.447,0.447,0.667],"y":[1,1,1]},"o":{"x":[0.333,0.333,0.333],"y":[0,0,0]},"n":["0p447_1_0p333_0","0p447_1_0p333_0","0p667_1_0p333_0"],"t":76,"s":[0,0,100],"e":[230,230,100]},{"t":110.000004480392}],"ix":6}},"ao":0,"shapes":[{"ty":"gr","it":[{"d":1,"ty":"el","s":{"a":0,"k":[60,60],"ix":2},"p":{"a":0,"k":[0,0],"ix":3},"nm":"Ellipse Path 1","mn":"ADBE Vector Shape - Ellipse","hd":false},{"ty":"fl","c":{"a":0,"k":[0.10196078431372549,0.5333333333333333,0.6196078431372549,1],"ix":4},"o":{"a":0,"k":100,"ix":5},"r":1,"nm":"Fill 1","mn":"ADBE Vector Graphic - Fill","hd":false},{"ty":"tr","p":{"a":0,"k":[30.937,24.937],"ix":2},"a":{"a":0,"k":[0,0],"ix":1},"s":{"a":0,"k":[100,100],"ix":3},"r":{"a":0,"k":0,"ix":6},"o":{"a":0,"k":100,"ix":7},"sk":{"a":0,"k":0,"ix":4},"sa":{"a":0,"k":0,"ix":5},"nm":"Transform"}],"nm":"Ellipse 1","np":3,"cix":2,"ix":1,"mn":"ADBE Vector Group","hd":false}],"ip":33.0000013441176,"op":149.000006068894,"st":33.0000013441176,"bm":0},{"ddd":0,"ind":4,"ty":4,"nm":"Shape Layer 3","sr":1,"ks":{"o":{"a":1,"k":[{"i":{"x":[0.833],"y":[0.833]},"o":{"x":[0.167],"y":[0.167]},"n":["0p833_0p833_0p167_0p167"],"t":67,"s":[0],"e":[4]},{"i":{"x":[0.833],"y":[0.833]},"o":{"x":[0.167],"y":[0.167]},"n":["0p833_0p833_0p167_0p167"],"t":96,"s":[4],"e":[4]},{"i":{"x":[0.833],"y":[0.833]},"o":{"x":[0.167],"y":[0.167]},"n":["0p833_0p833_0p167_0p167"],"t":102,"s":[4],"e":[0]},{"t":112.000004561854}],"ix":11},"r":{"a":0,"k":0,"ix":10},"p":{"a":0,"k":[170,113.5,0],"ix":2},"a":{"a":0,"k":[30.937,24.937,0],"ix":1},"s":{"a":1,"k":[{"i":{"x":[0.447,0.447,0.667],"y":[1,1,1]},"o":{"x":[0.333,0.333,0.333],"y":[0,0,0]},"n":["0p447_1_0p333_0","0p447_1_0p333_0","0p667_1_0p333_0"],"t":67,"s":[0,0,100],"e":[311,311,100]},{"t":102.000004154545}],"ix":6}},"ao":0,"shapes":[{"ty":"gr","it":[{"d":1,"ty":"el","s":{"a":0,"k":[60,60],"ix":2},"p":{"a":0,"k":[0,0],"ix":3},"nm":"Ellipse Path 1","mn":"ADBE Vector Shape - Ellipse","hd":false},{"ty":"fl","c":{"a":0,"k":[0.10196078431372549,0.5333333333333333,0.6196078431372549,1],"ix":4},"o":{"a":0,"k":100,"ix":5},"r":1,"nm":"Fill 1","mn":"ADBE Vector Graphic - Fill","hd":false},{"ty":"tr","p":{"a":0,"k":[30.937,24.937],"ix":2},"a":{"a":0,"k":[0,0],"ix":1},"s":{"a":0,"k":[100,100],"ix":3},"r":{"a":0,"k":0,"ix":6},"o":{"a":0,"k":100,"ix":7},"sk":{"a":0,"k":0,"ix":4},"sa":{"a":0,"k":0,"ix":5},"nm":"Transform"}],"nm":"Ellipse 1","np":3,"cix":2,"ix":1,"mn":"ADBE Vector Group","hd":false}],"ip":33.0000013441176,"op":149.000006068894,"st":33.0000013441176,"bm":0},{"ddd":0,"ind":5,"ty":4,"nm":"man Outlines","sr":1,"ks":{"o":{"a":1,"k":[{"i":{"x":[0.833],"y":[0.833]},"o":{"x":[0.167],"y":[0.167]},"n":["0p833_0p833_0p167_0p167"],"t":0,"s":[0],"e":[100]},{"i":{"x":[0.833],"y":[0.833]},"o":{"x":[0.167],"y":[0.167]},"n":["0p833_0p833_0p167_0p167"],"t":13,"s":[100],"e":[100]},{"i":{"x":[0.833],"y":[0.833]},"o":{"x":[0.167],"y":[0.167]},"n":["0p833_0p833_0p167_0p167"],"t":44,"s":[100],"e":[0]},{"t":53.0000021587343}],"ix":11},"r":{"a":0,"k":0,"ix":10},"p":{"a":0,"k":[106.731,58.354,0],"ix":2},"a":{"a":0,"k":[14.731,14.354,0],"ix":1},"s":{"a":1,"k":[{"i":{"x":[0.303,0.303,0.667],"y":[1.003,1.003,1]},"o":{"x":[0.333,0.333,0.333],"y":[0,0,0]},"n":["0p303_1p003_0p333_0","0p303_1p003_0p333_0","0p667_1_0p333_0"],"t":32,"s":[100,100,100],"e":[0,0,100]},{"t":46.0000018736184}],"ix":6}},"ao":0,"shapes":[{"ty":"gr","it":[{"ind":0,"ty":"sh","ix":1,"ks":{"a":0,"k":{"i":[[0,0],[-0.384,1.036],[0.839,0.718],[7.124,-5.863],[-0.383,-1.035],[-1.105,0.001]],"o":[[1.104,0.001],[0.383,-1.035],[-7.124,-5.863],[-0.839,0.718],[0.383,1.036],[0,0]],"v":[[10.544,5.251],[13.021,3.529],[12.262,0.611],[-12.262,0.611],[-13.021,3.529],[-10.544,5.251]],"c":true},"ix":2},"nm":"Path 1","mn":"ADBE Vector Shape - Group","hd":false},{"ty":"st","c":{"a":0,"k":[0.827000038297,0.842999985639,0.870999983245,1],"ix":3},"o":{"a":0,"k":100,"ix":4},"w":{"a":0,"k":1.5,"ix":5},"lc":2,"lj":2,"nm":"Stroke 1","mn":"ADBE Vector Graphic - Stroke","hd":false},{"ty":"tr","p":{"a":0,"k":[14.731,22.661],"ix":2},"a":{"a":0,"k":[0,0],"ix":1},"s":{"a":0,"k":[100,100],"ix":3},"r":{"a":0,"k":0,"ix":6},"o":{"a":0,"k":100,"ix":7},"sk":{"a":0,"k":0,"ix":4},"sa":{"a":0,"k":0,"ix":5},"nm":"Transform"}],"nm":"Group 1","np":2,"cix":2,"ix":1,"mn":"ADBE Vector Group","hd":false},{"ty":"gr","it":[{"ind":0,"ty":"sh","ix":1,"ks":{"a":0,"k":{"i":[[0,0],[-0.384,1.036],[0.839,0.718],[7.124,-5.863],[-0.383,-1.035],[-1.105,0.001]],"o":[[1.104,0.001],[0.383,-1.035],[-7.124,-5.863],[-0.839,0.718],[0.383,1.036],[0,0]],"v":[[10.544,5.251],[13.021,3.529],[12.262,0.611],[-12.262,0.611],[-13.021,3.529],[-10.544,5.251]],"c":true},"ix":2},"nm":"Path 1","mn":"ADBE Vector Shape - Group","hd":false},{"ty":"fl","c":{"a":0,"k":[0.827000038297,0.842999985639,0.870999983245,1],"ix":4},"o":{"a":0,"k":100,"ix":5},"r":1,"nm":"Fill 1","mn":"ADBE Vector Graphic - Fill","hd":false},{"ty":"tr","p":{"a":0,"k":[14.731,22.661],"ix":2},"a":{"a":0,"k":[0,0],"ix":1},"s":{"a":0,"k":[100,100],"ix":3},"r":{"a":0,"k":0,"ix":6},"o":{"a":0,"k":100,"ix":7},"sk":{"a":0,"k":0,"ix":4},"sa":{"a":0,"k":0,"ix":5},"nm":"Transform"}],"nm":"Group 2","np":2,"cix":2,"ix":2,"mn":"ADBE Vector Group","hd":false},{"ty":"gr","it":[{"ind":0,"ty":"sh","ix":1,"ks":{"a":0,"k":{"i":[[-3.744,0],[0,-3.744],[3.744,0],[0,3.744]],"o":[[3.744,0],[0,3.744],[-3.744,0],[0,-3.744]],"v":[[0,-6.779],[6.779,0],[0,6.779],[-6.779,0]],"c":true},"ix":2},"nm":"Path 1","mn":"ADBE Vector Shape - Group","hd":false},{"ty":"st","c":{"a":0,"k":[0.827000038297,0.842999985639,0.870999983245,1],"ix":3},"o":{"a":0,"k":100,"ix":4},"w":{"a":0,"k":1.5,"ix":5},"lc":2,"lj":2,"nm":"Stroke 1","mn":"ADBE Vector Graphic - Stroke","hd":false},{"ty":"tr","p":{"a":0,"k":[14.731,7.575],"ix":2},"a":{"a":0,"k":[0,0],"ix":1},"s":{"a":0,"k":[100,100],"ix":3},"r":{"a":0,"k":0,"ix":6},"o":{"a":0,"k":100,"ix":7},"sk":{"a":0,"k":0,"ix":4},"sa":{"a":0,"k":0,"ix":5},"nm":"Transform"}],"nm":"Group 3","np":2,"cix":2,"ix":3,"mn":"ADBE Vector Group","hd":false},{"ty":"gr","it":[{"ind":0,"ty":"sh","ix":1,"ks":{"a":0,"k":{"i":[[-3.744,0],[0,-3.744],[3.744,0],[0,3.744]],"o":[[3.744,0],[0,3.744],[-3.744,0],[0,-3.744]],"v":[[0,-6.779],[6.779,0],[0,6.779],[-6.779,0]],"c":true},"ix":2},"nm":"Path 1","mn":"ADBE Vector Shape - Group","hd":false},{"ty":"fl","c":{"a":0,"k":[0.827000038297,0.842999985639,0.870999983245,1],"ix":4},"o":{"a":0,"k":100,"ix":5},"r":1,"nm":"Fill 1","mn":"ADBE Vector Graphic - Fill","hd":false},{"ty":"tr","p":{"a":0,"k":[14.731,7.575],"ix":2},"a":{"a":0,"k":[0,0],"ix":1},"s":{"a":0,"k":[100,100],"ix":3},"r":{"a":0,"k":0,"ix":6},"o":{"a":0,"k":100,"ix":7},"sk":{"a":0,"k":0,"ix":4},"sa":{"a":0,"k":0,"ix":5},"nm":"Transform"}],"nm":"Group 4","np":2,"cix":2,"ix":4,"mn":"ADBE Vector Group","hd":false}],"ip":0,"op":120.0000048877,"st":0,"bm":0},{"ddd":0,"ind":6,"ty":4,"nm":"info Outlines 2","sr":1,"ks":{"o":{"a":1,"k":[{"i":{"x":[0.833],"y":[0.833]},"o":{"x":[0.167],"y":[0.167]},"n":["0p833_0p833_0p167_0p167"],"t":2,"s":[0],"e":[100]},{"t":15.0000006109625}],"ix":11},"r":{"a":0,"k":0,"ix":10},"p":{"a":0,"k":[218.808,43.769,0],"ix":2},"a":{"a":0,"k":[142.808,16.269,0],"ix":1},"s":{"a":1,"k":[{"i":{"x":[0.092,0.092,0.667],"y":[0.998,1.232,1]},"o":{"x":[0.333,0.333,0.333],"y":[0,0,0]},"n":["0p092_0p998_0p333_0","0p092_1p232_0p333_0","0p667_1_0p333_0"],"t":34,"s":[100,100,100],"e":[0,100,100]},{"t":48.0000019550801}],"ix":6}},"ao":0,"shapes":[{"ind":0,"ty":"sh","ix":1,"ks":{"a":0,"k":{"i":[[-2.762,0],[0,0],[0,-2.762],[0,0],[2.761,0],[0,0],[0,2.761],[0,0]],"o":[[0,0],[2.761,0],[0,0],[0,2.761],[0,0],[-2.762,0],[0,0],[0,-2.762]],"v":[[82.731,8.135],[137.808,8.135],[142.808,13.135],[142.808,19.404],[137.808,24.404],[82.731,24.404],[77.731,19.404],[77.731,13.135]],"c":true},"ix":2},"nm":"Path 1","mn":"ADBE Vector Shape - Group","hd":false},{"ty":"fl","c":{"a":0,"k":[0.941000007181,0.948999980852,0.961000031116,1],"ix":4},"o":{"a":0,"k":100,"ix":5},"r":1,"nm":"Fill 1","mn":"ADBE Vector Graphic - Fill","hd":false}],"ip":0,"op":120.0000048877,"st":0,"bm":0},{"ddd":0,"ind":7,"ty":4,"nm":"info Outlines 3","sr":1,"ks":{"o":{"a":1,"k":[{"i":{"x":[0.833],"y":[0.833]},"o":{"x":[0.167],"y":[0.167]},"n":["0p833_0p833_0p167_0p167"],"t":4,"s":[0],"e":[100]},{"t":17.0000006924242}],"ix":11},"r":{"a":0,"k":0,"ix":10},"p":{"a":0,"k":[264,70.885,0],"ix":2},"a":{"a":0,"k":[188,43.385,0],"ix":1},"s":{"a":1,"k":[{"i":{"x":[0.092,0.092,0.667],"y":[0.995,1.464,1]},"o":{"x":[0.333,0.333,0.333],"y":[0,0,0]},"n":["0p092_0p995_0p333_0","0p092_1p464_0p333_0","0p667_1_0p333_0"],"t":36,"s":[100,100,100],"e":[0,100,100]},{"t":64.0000026067734}],"ix":6}},"ao":0,"shapes":[{"ind":0,"ty":"sh","ix":1,"ks":{"a":0,"k":{"i":[[-2.762,0],[0,0],[0,-2.761],[0,0],[2.762,0],[0,0],[0,2.762],[0,0]],"o":[[0,0],[2.762,0],[0,0],[0,2.762],[0,0],[-2.762,0],[0,0],[0,-2.761]],"v":[[82.731,35.25],[183,35.25],[188,40.25],[188,46.519],[183,51.519],[82.731,51.519],[77.731,46.519],[77.731,40.25]],"c":true},"ix":2},"nm":"Path 1","mn":"ADBE Vector Shape - Group","hd":false},{"ty":"fl","c":{"a":0,"k":[0.941000007181,0.948999980852,0.961000031116,1],"ix":4},"o":{"a":0,"k":100,"ix":5},"r":1,"nm":"Fill 1","mn":"ADBE Vector Graphic - Fill","hd":false}],"ip":0,"op":120.0000048877,"st":0,"bm":0},{"ddd":0,"ind":8,"ty":4,"nm":"info Outlines 4","sr":1,"ks":{"o":{"a":1,"k":[{"i":{"x":[0.833],"y":[0.833]},"o":{"x":[0.167],"y":[0.167]},"n":["0p833_0p833_0p167_0p167"],"t":6,"s":[0],"e":[90]},{"t":19.0000007738859}],"ix":11},"r":{"a":0,"k":0,"ix":10},"p":{"a":0,"k":[264,111.558,0],"ix":2},"a":{"a":0,"k":[188,84.058,0],"ix":1},"s":{"a":1,"k":[{"i":{"x":[0.092,0.092,0.667],"y":[0.995,1.464,1]},"o":{"x":[0.333,0.333,0.333],"y":[0,0,0]},"n":["0p092_0p995_0p333_0","0p092_1p464_0p333_0","0p667_1_0p333_0"],"t":38,"s":[100,100,100],"e":[0,100,100]},{"t":66.0000026882351}],"ix":6}},"ao":0,"shapes":[{"ind":0,"ty":"sh","ix":1,"ks":{"a":0,"k":{"i":[[-2.761,0],[0,0],[0,-2.761],[0,0],[2.762,0],[0,0],[0,2.761],[0,0]],"o":[[0,0],[2.762,0],[0,0],[0,2.761],[0,0],[-2.761,0],[0,0],[0,-2.761]],"v":[[5,75.923],[183,75.923],[188,80.923],[188,87.193],[183,92.193],[5,92.193],[0,87.193],[0,80.923]],"c":true},"ix":2},"nm":"Path 1","mn":"ADBE Vector Shape - Group","hd":false},{"ty":"fl","c":{"a":0,"k":[0.941000007181,0.948999980852,0.961000031116,1],"ix":4},"o":{"a":0,"k":100,"ix":5},"r":1,"nm":"Fill 1","mn":"ADBE Vector Graphic - Fill","hd":false}],"ip":0,"op":120.0000048877,"st":0,"bm":0},{"ddd":0,"ind":9,"ty":4,"nm":"info Outlines 5","sr":1,"ks":{"o":{"a":1,"k":[{"i":{"x":[0.833],"y":[0.833]},"o":{"x":[0.167],"y":[0.167]},"n":["0p833_0p833_0p167_0p167"],"t":8,"s":[0],"e":[60]},{"t":21.0000008553475}],"ix":11},"r":{"a":0,"k":0,"ix":10},"p":{"a":0,"k":[264,141.385,0],"ix":2},"a":{"a":0,"k":[188,113.885,0],"ix":1},"s":{"a":1,"k":[{"i":{"x":[0.092,0.092,0.667],"y":[0.995,1.464,1]},"o":{"x":[0.333,0.333,0.333],"y":[0,0,0]},"n":["0p092_0p995_0p333_0","0p092_1p464_0p333_0","0p667_1_0p333_0"],"t":40,"s":[100,100,100],"e":[0,100,100]},{"t":68.0000027696968}],"ix":6}},"ao":0,"shapes":[{"ind":0,"ty":"sh","ix":1,"ks":{"a":0,"k":{"i":[[-2.761,0],[0,0],[0,-2.762],[0,0],[2.762,0],[0,0],[0,2.76],[0,0]],"o":[[0,0],[2.762,0],[0,0],[0,2.76],[0,0],[-2.761,0],[0,0],[0,-2.762]],"v":[[5,105.75],[183,105.75],[188,110.75],[188,117.02],[183,122.02],[5,122.02],[0,117.02],[0,110.75]],"c":true},"ix":2},"nm":"Path 1","mn":"ADBE Vector Shape - Group","hd":false},{"ty":"fl","c":{"a":0,"k":[0.941000007181,0.948999980852,0.961000031116,1],"ix":4},"o":{"a":0,"k":100,"ix":5},"r":1,"nm":"Fill 1","mn":"ADBE Vector Graphic - Fill","hd":false}],"ip":0,"op":120.0000048877,"st":0,"bm":0},{"ddd":0,"ind":10,"ty":4,"nm":"info Outlines 6","sr":1,"ks":{"o":{"a":1,"k":[{"i":{"x":[0.833],"y":[0.833]},"o":{"x":[0.167],"y":[0.167]},"n":["0p833_0p833_0p167_0p167"],"t":10,"s":[0],"e":[30]},{"t":23.0000009368092}],"ix":11},"r":{"a":0,"k":0,"ix":10},"p":{"a":0,"k":[264,171.212,0],"ix":2},"a":{"a":0,"k":[188,143.712,0],"ix":1},"s":{"a":1,"k":[{"i":{"x":[0,0.667,0.667],"y":[0.995,1,1]},"o":{"x":[0.333,0.333,0.333],"y":[0,0,0]},"n":["0_0p995_0p333_0","0p667_1_0p333_0","0p667_1_0p333_0"],"t":42,"s":[100,100,100],"e":[0,100,100]},{"t":70.0000028511585}],"ix":6}},"ao":0,"shapes":[{"ind":0,"ty":"sh","ix":1,"ks":{"a":0,"k":{"i":[[-2.761,0],[0,0],[0,-2.762],[0,0],[2.762,0],[0,0],[0,2.761],[0,0]],"o":[[0,0],[2.762,0],[0,0],[0,2.761],[0,0],[-2.761,0],[0,0],[0,-2.762]],"v":[[5,135.577],[183,135.577],[188,140.577],[188,146.846],[183,151.846],[5,151.846],[0,146.846],[0,140.577]],"c":true},"ix":2},"nm":"Path 1","mn":"ADBE Vector Shape - Group","hd":false},{"ty":"fl","c":{"a":0,"k":[0.941000007181,0.948999980852,0.961000031116,1],"ix":4},"o":{"a":0,"k":100,"ix":5},"r":1,"nm":"Fill 1","mn":"ADBE Vector Graphic - Fill","hd":false}],"ip":0,"op":120.0000048877,"st":0,"bm":0},{"ddd":0,"ind":11,"ty":4,"nm":"info Outlines","sr":1,"ks":{"o":{"a":1,"k":[{"i":{"x":[0.833],"y":[0.833]},"o":{"x":[0.167],"y":[0.167]},"n":["0p833_0p833_0p167_0p167"],"t":0,"s":[0],"e":[100]},{"i":{"x":[0.833],"y":[0.833]},"o":{"x":[0.167],"y":[0.167]},"n":["0p833_0p833_0p167_0p167"],"t":13,"s":[100],"e":[100]},{"i":{"x":[0.833],"y":[0.833]},"o":{"x":[0.167],"y":[0.167]},"n":["0p833_0p833_0p167_0p167"],"t":44,"s":[100],"e":[0]},{"t":53.0000021587343}],"ix":11},"r":{"a":0,"k":0,"ix":10},"p":{"a":0,"k":[108.022,58.23,0],"ix":2},"a":{"a":0,"k":[30.73,30.73,0],"ix":1},"s":{"a":1,"k":[{"i":{"x":[0.303,0.303,0.667],"y":[1.003,1.003,1]},"o":{"x":[0.333,0.333,0.333],"y":[0,0,0]},"n":["0p303_1p003_0p333_0","0p303_1p003_0p333_0","0p667_1_0p333_0"],"t":32,"s":[100,100,100],"e":[0,0,100]},{"t":46.0000018736184}],"ix":6}},"ao":0,"shapes":[{"ind":0,"ty":"sh","ix":1,"ks":{"a":0,"k":{"i":[[-3.866,0],[0,0],[0,-3.866],[0,0],[3.867,0],[0,0],[0,3.867],[0,0]],"o":[[0,0],[3.867,0],[0,0],[0,3.867],[0,0],[-3.866,0],[0,0],[0,-3.866]],"v":[[7,0],[54.461,0],[61.461,7],[61.461,54.461],[54.461,61.461],[7,61.461],[0,54.461],[0,7]],"c":true},"ix":2},"nm":"Path 1","mn":"ADBE Vector Shape - Group","hd":false},{"ty":"fl","c":{"a":0,"k":[0.941000007181,0.948999980852,0.961000031116,1],"ix":4},"o":{"a":0,"k":100,"ix":5},"r":1,"nm":"Fill 1","mn":"ADBE Vector Graphic - Fill","hd":false}],"ip":0,"op":120.0000048877,"st":0,"bm":0}],"markers":[]}